,高濃度出現回数,高濃度追跡,高濃度追跡率,高濃度RMSE,予測高濃度出現回数,予測高濃度追跡,予測高濃度追跡率,適合率
0,71,32,45.07042253521127,20.443200330666574,51,32,62.745098039215684,52.45901639344263
