,高濃度出現回数,高濃度追跡,高濃度追跡率,高濃度RMSE,予測高濃度出現回数,予測高濃度追跡,予測高濃度追跡率,適合率
0,150,128,85.33333333333334,10.168882278315401,178,128,71.91011235955057,78.04878048780489
