,高濃度出現回数,高濃度追跡,高濃度追跡率,高濃度RMSE,予測高濃度出現回数,予測高濃度追跡,予測高濃度追跡率,適合率
0,150,62,41.333333333333336,18.964202416377734,89,62,69.66292134831461,51.88284518828453
