,高濃度出現回数,高濃度追跡,高濃度追跡率,高濃度RMSE,予測高濃度出現回数,予測高濃度追跡,予測高濃度追跡率,適合率
0,66,16,24.242424242424242,31.175289333161352,22,16,72.72727272727273,36.36363636363637
