,高濃度出現回数,高濃度追跡,高濃度追跡率,高濃度RMSE,予測高濃度出現回数,予測高濃度追跡,予測高濃度追跡率,適合率
0,71,56,78.87323943661971,11.564219096093103,83,56,67.46987951807229,72.72727272727273
