,高濃度出現回数,高濃度追跡,高濃度追跡率,高濃度RMSE,予測高濃度出現回数,予測高濃度追跡,予測高濃度追跡率,適合率
0,138,55,39.85507246376812,19.34576438878016,67,55,82.08955223880598,53.65853658536586
