,高濃度出現回数,高濃度追跡,高濃度追跡率,高濃度RMSE,予測高濃度出現回数,予測高濃度追跡,予測高濃度追跡率,適合率
0,66,44,66.66666666666666,14.098976758641264,57,44,77.19298245614034,71.54471544715446
