,高濃度出現回数,高濃度追跡,高濃度追跡率,高濃度RMSE,予測高濃度出現回数,予測高濃度追跡,予測高濃度追跡率,適合率
0,126,54,42.857142857142854,15.99445503659616,72,54,75.0,54.54545454545454
