,高濃度出現回数,高濃度追跡,高濃度追跡率,高濃度RMSE,予測高濃度出現回数,予測高濃度追跡,予測高濃度追跡率,適合率
0,66,25,37.878787878787875,24.9394958372914,35,25,71.42857142857143,49.5049504950495
