,高濃度出現回数,高濃度追跡,高濃度追跡率,高濃度RMSE,予測高濃度出現回数,予測高濃度追跡,予測高濃度追跡率,適合率
0,121,37,30.57851239669421,20.899671094259837,39,37,94.87179487179486,46.24999999999999
