,高濃度出現回数,高濃度追跡,高濃度追跡率,高濃度RMSE,予測高濃度出現回数,予測高濃度追跡,予測高濃度追跡率,適合率
0,109,94,86.23853211009175,13.980209453051211,130,94,72.3076923076923,78.66108786610879
