,高濃度出現回数,高濃度追跡,高濃度追跡率,高濃度RMSE,予測高濃度出現回数,予測高濃度追跡,予測高濃度追跡率,適合率
0,121,75,61.98347107438017,13.36016299221205,97,75,77.31958762886599,68.80733944954129
