,高濃度出現回数,高濃度追跡,高濃度追跡率,高濃度RMSE,予測高濃度出現回数,予測高濃度追跡,予測高濃度追跡率,適合率
0,130,95,73.07692307692307,8.630958645313573,112,95,84.82142857142857,78.51239669421487
