,高濃度出現回数,高濃度追跡,高濃度追跡率,高濃度RMSE,予測高濃度出現回数,予測高濃度追跡,予測高濃度追跡率,適合率
0,126,89,70.63492063492063,9.954984275677756,107,89,83.17757009345794,76.39484978540773
