,高濃度出現回数,高濃度追跡,高濃度追跡率,高濃度RMSE,予測高濃度出現回数,予測高濃度追跡,予測高濃度追跡率,適合率
0,103,25,24.271844660194176,23.17390158309096,38,25,65.78947368421053,35.46099290780142
