,高濃度出現回数,高濃度追跡,高濃度追跡率,高濃度RMSE,予測高濃度出現回数,予測高濃度追跡,予測高濃度追跡率,適合率
0,71,53,74.64788732394366,12.091085595234512,72,53,73.61111111111111,74.12587412587413
