,高濃度出現回数,高濃度追跡,高濃度追跡率,高濃度RMSE,予測高濃度出現回数,予測高濃度追跡,予測高濃度追跡率,適合率
0,103,39,37.86407766990291,16.630711329199432,51,39,76.47058823529412,50.64935064935065
