,高濃度出現回数,高濃度追跡,高濃度追跡率,高濃度RMSE,予測高濃度出現回数,予測高濃度追跡,予測高濃度追跡率,適合率
0,109,49,44.95412844036697,24.857920502477604,79,49,62.0253164556962,52.12765957446808
