,高濃度出現回数,高濃度追跡,高濃度追跡率,高濃度RMSE,予測高濃度出現回数,予測高濃度追跡,予測高濃度追跡率,適合率
0,103,70,67.96116504854369,9.331404360313146,86,70,81.3953488372093,74.07407407407408
