,高濃度出現回数,高濃度追跡,高濃度追跡率,高濃度RMSE,予測高濃度出現回数,予測高濃度追跡,予測高濃度追跡率,適合率
0,71,35,49.29577464788733,18.635668065971263,48,35,72.91666666666666,58.8235294117647
