,高濃度出現回数,高濃度追跡,高濃度追跡率,高濃度RMSE,予測高濃度出現回数,予測高濃度追跡,予測高濃度追跡率,適合率
0,121,92,76.03305785123968,8.089267430589633,116,92,79.3103448275862,77.63713080168776
