,高濃度出現回数,高濃度追跡,高濃度追跡率,高濃度RMSE,予測高濃度出現回数,予測高濃度追跡,予測高濃度追跡率,適合率
0,109,37,33.94495412844037,26.300569634213876,45,37,82.22222222222221,48.05194805194805
