,高濃度出現回数,高濃度追跡,高濃度追跡率,高濃度RMSE,予測高濃度出現回数,予測高濃度追跡,予測高濃度追跡率,適合率
0,130,49,37.69230769230769,20.405536356611297,62,49,79.03225806451613,51.04166666666667
