,高濃度出現回数,高濃度追跡,高濃度追跡率,高濃度RMSE,予測高濃度出現回数,予測高濃度追跡,予測高濃度追跡率,適合率
0,121,70,57.85123966942148,14.178018155197833,88,70,79.54545454545455,66.98564593301435
