,高濃度出現回数,高濃度追跡,高濃度追跡率,高濃度RMSE,予測高濃度出現回数,予測高濃度追跡,予測高濃度追跡率,適合率
0,138,77,55.79710144927537,12.429779040863702,91,77,84.61538461538461,67.24890829694323
