新規予測RMSE,高濃度出現回数,高濃度追跡,高濃度追跡率,高濃度RMSE
6.4723968505859375,11.0,3.1,28.1812,35.67177200317383
