新規予測RMSE,高濃度出現回数,高濃度追跡,高濃度追跡率,高濃度RMSE
5.595634460449219,11.0,3.2,29.0902,28.35504150390625
