新規予測RMSE,高濃度出現回数,高濃度追跡,高濃度追跡率,高濃度RMSE
9.384086608886719,11.0,2.2,19.9994,41.891727447509766
