新規予測RMSE,高濃度出現回数,高濃度追跡,高濃度追跡率,高濃度RMSE
5.390192985534668,11.0,4.4,39.9994,29.545019149780273
