新規予測RMSE,高濃度出現回数,高濃度追跡,高濃度追跡率,高濃度RMSE
8.195564270019531,11.0,2.0,18.1812,40.41764831542969
