,高濃度出現回数,高濃度追跡,高濃度追跡率,高濃度RMSE,予測高濃度出現回数,予測高濃度追跡,予測高濃度追跡率,適合率
0,130,70,53.84615384615385,17.5357849580472,112,70,62.5,57.85123966942149
