,高濃度出現回数,高濃度追跡,高濃度追跡率,高濃度RMSE,予測高濃度出現回数,予測高濃度追跡,予測高濃度追跡率,適合率
0,138,98,71.01449275362319,12.231540686404934,139,98,70.50359712230215,70.7581227436823
