,高濃度出現回数,高濃度追跡,高濃度追跡率,高濃度RMSE,予測高濃度出現回数,予測高濃度追跡,予測高濃度追跡率,適合率
0,138,71,51.449275362318836,14.179193867711104,103,71,68.93203883495146,58.92116182572614
