,高濃度出現回数,高濃度追跡,高濃度追跡率,高濃度RMSE,予測高濃度出現回数,予測高濃度追跡,予測高濃度追跡率,適合率
0,150,77,51.33333333333333,16.510361320513574,117,77,65.8119658119658,57.67790262172284
