新規予測RMSE,高濃度出現回数,高濃度追跡,高濃度追跡率,高濃度RMSE
5.566797733306885,11.0,5.6,50.9086,25.944568634033203
