新規予測RMSE,高濃度出現回数,高濃度追跡,高濃度追跡率,高濃度RMSE
5.947512626647949,11.0,2.9,26.363,34.885047912597656
