新規予測RMSE,高濃度出現回数,高濃度追跡,高濃度追跡率,高濃度RMSE
8.130141258239746,11.0,2.0,18.181,41.27092742919922
