新規予測RMSE,高濃度出現回数,高濃度追跡,高濃度追跡率,高濃度RMSE
8.441932678222656,11.0,1.5,13.6355,44.54600524902344
