新規予測RMSE,高濃度出現回数,高濃度追跡,高濃度追跡率,高濃度RMSE
5.539525508880615,11.0,4.9,44.5449,27.500967025756836
