,高濃度出現回数,高濃度追跡,高濃度追跡率,高濃度RMSE,予測高濃度出現回数,予測高濃度追跡,予測高濃度追跡率,適合率
0,130,51,39.23076923076923,19.14312472309434,63,51,80.95238095238095,52.84974093264249
