,高濃度出現回数,高濃度追跡,高濃度追跡率,高濃度RMSE,予測高濃度出現回数,予測高濃度追跡,予測高濃度追跡率,適合率
0,121,83,68.59504132231406,9.612710826691982,94,83,88.29787234042553,77.20930232558139
