,高濃度出現回数,高濃度追跡,高濃度追跡率,高濃度RMSE,予測高濃度出現回数,予測高濃度追跡,予測高濃度追跡率,適合率
0,103,86,83.49514563106796,8.65414785503593,123,86,69.91869918699187,76.1061946902655
