,高濃度出現回数,高濃度追跡,高濃度追跡率,高濃度RMSE,予測高濃度出現回数,予測高濃度追跡,予測高濃度追跡率,適合率
0,121,71,58.67768595041323,14.000068521958264,90,71,78.88888888888889,67.29857819905213
