,高濃度出現回数,高濃度追跡,高濃度追跡率,高濃度RMSE,予測高濃度出現回数,予測高濃度追跡,予測高濃度追跡率,適合率
0,66,26,39.39393939393939,23.43253715406731,41,26,63.41463414634146,48.59813084112149
