,高濃度出現回数,高濃度追跡,高濃度追跡率,高濃度RMSE,予測高濃度出現回数,予測高濃度追跡,予測高濃度追跡率,適合率
0,138,113,81.88405797101449,8.868614177500891,142,113,79.5774647887324,80.71428571428571
