,高濃度出現回数,高濃度追跡,高濃度追跡率,高濃度RMSE,予測高濃度出現回数,予測高濃度追跡,予測高濃度追跡率,適合率
0,121,58,47.93388429752066,16.304860281758835,87,58,66.66666666666666,55.76923076923077
