,高濃度出現回数,高濃度追跡,高濃度追跡率,高濃度RMSE,予測高濃度出現回数,予測高濃度追跡,予測高濃度追跡率,適合率
0,109,39,35.77981651376147,24.65806390783362,49,39,79.59183673469387,49.36708860759493
