,高濃度出現回数,高濃度追跡,高濃度追跡率,高濃度RMSE,予測高濃度出現回数,予測高濃度追跡,予測高濃度追跡率,適合率
0,66,30,45.45454545454545,23.71581362678202,42,30,71.42857142857143,55.55555555555556
