,高濃度出現回数,高濃度追跡,高濃度追跡率,高濃度RMSE,予測高濃度出現回数,予測高濃度追跡,予測高濃度追跡率,適合率
0,71,18,25.352112676056336,25.0990605733883,27,18,66.66666666666666,36.73469387755102
