,高濃度出現回数,高濃度追跡,高濃度追跡率,高濃度RMSE,予測高濃度出現回数,予測高濃度追跡,予測高濃度追跡率,適合率
0,138,59,42.7536231884058,15.129930524405095,68,59,86.76470588235294,57.28155339805825
