,高濃度出現回数,高濃度追跡,高濃度追跡率,高濃度RMSE,予測高濃度出現回数,予測高濃度追跡,予測高濃度追跡率,適合率
0,121,81,66.94214876033058,12.436762029436455,113,81,71.68141592920354,69.23076923076923
