,高濃度出現回数,高濃度追跡,高濃度追跡率,高濃度RMSE,予測高濃度出現回数,予測高濃度追跡,予測高濃度追跡率,適合率
0,103,40,38.83495145631068,19.369360890946904,65,40,61.53846153846154,47.61904761904761
