,高濃度出現回数,高濃度追跡,高濃度追跡率,高濃度RMSE,予測高濃度出現回数,予測高濃度追跡,予測高濃度追跡率,適合率
0,130,82,63.07692307692307,9.752532363251012,93,82,88.17204301075269,73.54260089686098
