,高濃度出現回数,高濃度追跡,高濃度追跡率,高濃度RMSE,予測高濃度出現回数,予測高濃度追跡,予測高濃度追跡率,適合率
0,109,45,41.284403669724774,24.62606307882468,67,45,67.16417910447761,51.13636363636364
