,高濃度出現回数,高濃度追跡,高濃度追跡率,高濃度RMSE,予測高濃度出現回数,予測高濃度追跡,予測高濃度追跡率,適合率
0,150,108,72.0,10.11690058525557,129,108,83.72093023255815,77.41935483870968
