,高濃度出現回数,高濃度追跡,高濃度追跡率,高濃度RMSE,予測高濃度出現回数,予測高濃度追跡,予測高濃度追跡率,適合率
0,71,48,67.6056338028169,17.074906392129282,72,48,66.66666666666666,67.13286713286712
