,高濃度出現回数,高濃度追跡,高濃度追跡率,高濃度RMSE,予測高濃度出現回数,予測高濃度追跡,予測高濃度追跡率,適合率
0,121,102,84.29752066115702,9.167935717468119,144,102,70.83333333333334,76.9811320754717
