,高濃度出現回数,高濃度追跡,高濃度追跡率,高濃度RMSE,予測高濃度出現回数,予測高濃度追跡,予測高濃度追跡率,適合率
0,150,47,31.333333333333336,22.340418158549976,73,47,64.38356164383562,42.15246636771301
