,高濃度出現回数,高濃度追跡,高濃度追跡率,高濃度RMSE,予測高濃度出現回数,予測高濃度追跡,予測高濃度追跡率,適合率
0,126,72,57.14285714285714,14.57635870506023,92,72,78.26086956521739,66.05504587155963
