,高濃度出現回数,高濃度追跡,高濃度追跡率,高濃度RMSE,予測高濃度出現回数,予測高濃度追跡,予測高濃度追跡率,適合率
0,103,28,27.184466019417474,21.118364896594642,40,28,70.0,39.16083916083916
