,高濃度出現回数,高濃度追跡,高濃度追跡率,高濃度RMSE,予測高濃度出現回数,予測高濃度追跡,予測高濃度追跡率,適合率
0,71,50,70.4225352112676,16.91918735496991,84,50,59.523809523809526,64.51612903225806
