,高濃度出現回数,高濃度追跡,高濃度追跡率,高濃度RMSE,予測高濃度出現回数,予測高濃度追跡,予測高濃度追跡率,適合率
0,138,65,47.10144927536232,15.862373398714146,84,65,77.38095238095238,58.558558558558566
