,高濃度出現回数,高濃度追跡,高濃度追跡率,高濃度RMSE,予測高濃度出現回数,予測高濃度追跡,予測高濃度追跡率,適合率
0,150,59,39.33333333333333,20.163555311938843,91,59,64.83516483516483,48.96265560165975
