,高濃度出現回数,高濃度追跡,高濃度追跡率,高濃度RMSE,予測高濃度出現回数,予測高濃度追跡,予測高濃度追跡率,適合率
0,130,97,74.61538461538461,8.240062191137216,115,97,84.34782608695653,79.18367346938776
