,高濃度出現回数,高濃度追跡,高濃度追跡率,高濃度RMSE,予測高濃度出現回数,予測高濃度追跡,予測高濃度追跡率,適合率
0,109,90,82.56880733944955,13.103171837869171,117,90,76.92307692307693,79.64601769911506
