,高濃度出現回数,高濃度追跡,高濃度追跡率,高濃度RMSE,予測高濃度出現回数,予測高濃度追跡,予測高濃度追跡率,適合率
0,109,47,43.11926605504588,25.234960787897226,66,47,71.21212121212122,53.71428571428572
