,高濃度出現回数,高濃度追跡,高濃度追跡率,高濃度RMSE,予測高濃度出現回数,予測高濃度追跡,予測高濃度追跡率,適合率
0,130,74,56.92307692307692,15.687124083323676,96,74,77.08333333333334,65.4867256637168
