,高濃度出現回数,高濃度追跡,高濃度追跡率,高濃度RMSE,予測高濃度出現回数,予測高濃度追跡,予測高濃度追跡率,適合率
0,126,34,26.984126984126984,19.214393454268595,40,34,85.0,40.963855421686745
