,高濃度出現回数,高濃度追跡,高濃度追跡率,高濃度RMSE,予測高濃度出現回数,予測高濃度追跡,予測高濃度追跡率,適合率
0,71,36,50.70422535211267,18.71820584646703,53,36,67.9245283018868,58.064516129032256
