,高濃度出現回数,高濃度追跡,高濃度追跡率,高濃度RMSE,予測高濃度出現回数,予測高濃度追跡,予測高濃度追跡率,適合率
0,66,18,27.27272727272727,30.298204116393993,39,18,46.15384615384615,34.285714285714285
