,高濃度出現回数,高濃度追跡,高濃度追跡率,高濃度RMSE,予測高濃度出現回数,予測高濃度追跡,予測高濃度追跡率,適合率
0,109,66,60.550458715596335,15.275377376528441,73,66,90.41095890410958,72.52747252747253
