,高濃度出現回数,高濃度追跡,高濃度追跡率,高濃度RMSE,予測高濃度出現回数,予測高濃度追跡,予測高濃度追跡率,適合率
0,109,78,71.55963302752293,14.208478918118924,100,78,78.0,74.64114832535886
