,高濃度出現回数,高濃度追跡,高濃度追跡率,高濃度RMSE,予測高濃度出現回数,予測高濃度追跡,予測高濃度追跡率,適合率
0,103,36,34.95145631067961,14.481151602777365,38,36,94.73684210526315,51.063829787234035
