,高濃度出現回数,高濃度追跡,高濃度追跡率,高濃度RMSE,予測高濃度出現回数,予測高濃度追跡,予測高濃度追跡率,適合率
0,138,99,71.73913043478261,9.382284840221223,122,99,81.14754098360656,76.15384615384615
