,高濃度出現回数,高濃度追跡,高濃度追跡率,高濃度RMSE,予測高濃度出現回数,予測高濃度追跡,予測高濃度追跡率,適合率
0,71,26,36.61971830985916,20.982956141027174,38,26,68.42105263157895,47.70642201834863
