,高濃度出現回数,高濃度追跡,高濃度追跡率,高濃度RMSE,予測高濃度出現回数,予測高濃度追跡,予測高濃度追跡率,適合率
0,150,67,44.666666666666664,19.062139831895717,95,67,70.52631578947368,54.6938775510204
