,高濃度出現回数,高濃度追跡,高濃度追跡率,高濃度RMSE,予測高濃度出現回数,予測高濃度追跡,予測高濃度追跡率,適合率
0,109,61,55.96330275229357,20.531668477396963,89,61,68.53932584269663,61.61616161616161
