,高濃度出現回数,高濃度追跡,高濃度追跡率,高濃度RMSE,予測高濃度出現回数,予測高濃度追跡,予測高濃度追跡率,適合率
0,138,109,78.98550724637681,9.505410484889284,133,109,81.95488721804512,80.44280442804428
