,高濃度出現回数,高濃度追跡,高濃度追跡率,高濃度RMSE,予測高濃度出現回数,予測高濃度追跡,予測高濃度追跡率,適合率
0,121,80,66.11570247933885,13.081030582423729,104,80,76.92307692307693,71.11111111111111
