,高濃度出現回数,高濃度追跡,高濃度追跡率,高濃度RMSE,予測高濃度出現回数,予測高濃度追跡,予測高濃度追跡率,適合率
0,126,51,40.476190476190474,19.221904054849418,73,51,69.86301369863014,51.25628140703517
