,高濃度出現回数,高濃度追跡,高濃度追跡率,高濃度RMSE,予測高濃度出現回数,予測高濃度追跡,予測高濃度追跡率,適合率
0,66,24,36.36363636363637,23.024298031439983,32,24,75.0,48.97959183673469
