,高濃度出現回数,高濃度追跡,高濃度追跡率,高濃度RMSE,予測高濃度出現回数,予測高濃度追跡,予測高濃度追跡率,適合率
0,103,83,80.58252427184466,8.701266243427717,113,83,73.45132743362832,76.85185185185185
