,高濃度出現回数,高濃度追跡,高濃度追跡率,高濃度RMSE,予測高濃度出現回数,予測高濃度追跡,予測高濃度追跡率,適合率
0,126,66,52.38095238095239,20.84450729602979,107,66,61.6822429906542,56.65236051502146
