,高濃度出現回数,高濃度追跡,高濃度追跡率,高濃度RMSE,予測高濃度出現回数,予測高濃度追跡,予測高濃度追跡率,適合率
0,150,90,60.0,14.290879765860526,130,90,69.23076923076923,64.28571428571428
