,高濃度出現回数,高濃度追跡,高濃度追跡率,高濃度RMSE,予測高濃度出現回数,予測高濃度追跡,予測高濃度追跡率,適合率
0,126,63,50.0,19.06239362069405,97,63,64.94845360824742,56.502242152466366
