,高濃度出現回数,高濃度追跡,高濃度追跡率,高濃度RMSE,予測高濃度出現回数,予測高濃度追跡,予測高濃度追跡率,適合率
0,109,43,39.44954128440367,27.099645791439656,65,43,66.15384615384615,49.42528735632183
