,高濃度出現回数,高濃度追跡,高濃度追跡率,高濃度RMSE,予測高濃度出現回数,予測高濃度追跡,予測高濃度追跡率,適合率
0,121,78,64.46280991735537,15.399214603919665,132,78,59.09090909090909,61.6600790513834
