,高濃度出現回数,高濃度追跡,高濃度追跡率,高濃度RMSE,予測高濃度出現回数,予測高濃度追跡,予測高濃度追跡率,適合率
0,150,89,59.333333333333336,15.01657970393312,118,89,75.42372881355932,66.4179104477612
