,高濃度出現回数,高濃度追跡,高濃度追跡率,高濃度RMSE,予測高濃度出現回数,予測高濃度追跡,予測高濃度追跡率,適合率
0,66,51,77.27272727272727,12.296717690036335,73,51,69.86301369863014,73.38129496402878
