,高濃度出現回数,高濃度追跡,高濃度追跡率,高濃度RMSE,予測高濃度出現回数,予測高濃度追跡,予測高濃度追跡率,適合率
0,71,45,63.38028169014085,15.38296437297775,81,45,55.55555555555556,59.21052631578948
