,高濃度出現回数,高濃度追跡,高濃度追跡率,高濃度RMSE,予測高濃度出現回数,予測高濃度追跡,予測高濃度追跡率,適合率
0,150,84,56.00000000000001,12.293501685834812,94,84,89.36170212765957,68.85245901639345
