,高濃度出現回数,高濃度追跡,高濃度追跡率,高濃度RMSE,予測高濃度出現回数,予測高濃度追跡,予測高濃度追跡率,適合率
0,103,29,28.155339805825243,18.89941783424038,41,29,70.73170731707317,40.27777777777777
