,高濃度出現回数,高濃度追跡,高濃度追跡率,高濃度RMSE,予測高濃度出現回数,予測高濃度追跡,予測高濃度追跡率,適合率
0,66,21,31.818181818181817,26.18426018398038,26,21,80.76923076923077,45.65217391304348
