,高濃度出現回数,高濃度追跡,高濃度追跡率,高濃度RMSE,予測高濃度出現回数,予測高濃度追跡,予測高濃度追跡率,適合率
0,138,90,65.21739130434783,11.850120321027488,118,90,76.27118644067797,70.3125
