,高濃度出現回数,高濃度追跡,高濃度追跡率,高濃度RMSE,予測高濃度出現回数,予測高濃度追跡,予測高濃度追跡率,適合率
0,103,62,60.19417475728155,10.535573402658835,73,62,84.93150684931507,70.45454545454545
