,高濃度出現回数,高濃度追跡,高濃度追跡率,高濃度RMSE,予測高濃度出現回数,予測高濃度追跡,予測高濃度追跡率,適合率
0,138,93,67.3913043478261,9.278456490234134,109,93,85.3211009174312,75.30364372469636
