,高濃度出現回数,高濃度追跡,高濃度追跡率,高濃度RMSE,予測高濃度出現回数,予測高濃度追跡,予測高濃度追跡率,適合率
0,71,24,33.80281690140845,25.49935658330805,29,24,82.75862068965517,48.0
