,高濃度出現回数,高濃度追跡,高濃度追跡率,高濃度RMSE,予測高濃度出現回数,予測高濃度追跡,予測高濃度追跡率,適合率
0,138,81,58.69565217391305,13.199077761492168,99,81,81.81818181818183,68.35443037974684
