,高濃度出現回数,高濃度追跡,高濃度追跡率,高濃度RMSE,予測高濃度出現回数,予測高濃度追跡,予測高濃度追跡率,適合率
0,121,77,63.63636363636363,10.508737269942939,82,77,93.90243902439023,75.86206896551724
