,高濃度出現回数,高濃度追跡,高濃度追跡率,高濃度RMSE,予測高濃度出現回数,予測高濃度追跡,予測高濃度追跡率,適合率
0,138,62,44.927536231884055,15.398355825858397,72,62,86.11111111111111,59.047619047619044
