,高濃度出現回数,高濃度追跡,高濃度追跡率,高濃度RMSE,予測高濃度出現回数,予測高濃度追跡,予測高濃度追跡率,適合率
0,130,57,43.84615384615385,18.494068280026813,80,57,71.25,54.285714285714285
