,高濃度出現回数,高濃度追跡,高濃度追跡率,高濃度RMSE,予測高濃度出現回数,予測高濃度追跡,予測高濃度追跡率,適合率
0,150,87,57.99999999999999,14.727496555499865,120,87,72.5,64.44444444444443
