,高濃度出現回数,高濃度追跡,高濃度追跡率,高濃度RMSE,予測高濃度出現回数,予測高濃度追跡,予測高濃度追跡率,適合率
0,103,26,25.24271844660194,21.02924133357104,41,26,63.41463414634146,36.111111111111114
