,高濃度出現回数,高濃度追跡,高濃度追跡率,高濃度RMSE,予測高濃度出現回数,予測高濃度追跡,予測高濃度追跡率,適合率
0,138,60,43.47826086956522,17.71507023125739,71,60,84.50704225352112,57.41626794258373
