,高濃度出現回数,高濃度追跡,高濃度追跡率,高濃度RMSE,予測高濃度出現回数,予測高濃度追跡,予測高濃度追跡率,適合率
0,130,106,81.53846153846153,8.454639875108873,130,106,81.53846153846153,81.53846153846153
