,高濃度出現回数,高濃度追跡,高濃度追跡率,高濃度RMSE,予測高濃度出現回数,予測高濃度追跡,予測高濃度追跡率,適合率
0,150,107,71.33333333333334,10.16023565878413,132,107,81.06060606060606,75.88652482269504
