,高濃度出現回数,高濃度追跡,高濃度追跡率,高濃度RMSE,予測高濃度出現回数,予測高濃度追跡,予測高濃度追跡率,適合率
0,66,13,19.696969696969695,34.57116151669053,15,13,86.66666666666667,32.09876543209876
