,高濃度出現回数,高濃度追跡,高濃度追跡率,高濃度RMSE,予測高濃度出現回数,予測高濃度追跡,予測高濃度追跡率,適合率
0,121,60,49.586776859504134,14.498738484525061,64,60,93.75,64.86486486486486
