,高濃度出現回数,高濃度追跡,高濃度追跡率,高濃度RMSE,予測高濃度出現回数,予測高濃度追跡,予測高濃度追跡率,適合率
0,130,88,67.6923076923077,8.814352734995495,106,88,83.01886792452831,74.57627118644069
