,高濃度出現回数,高濃度追跡,高濃度追跡率,高濃度RMSE,予測高濃度出現回数,予測高濃度追跡,予測高濃度追跡率,適合率
0,126,55,43.65079365079365,16.24526685905076,64,55,85.9375,57.89473684210527
