,高濃度出現回数,高濃度追跡,高濃度追跡率,高濃度RMSE,予測高濃度出現回数,予測高濃度追跡,予測高濃度追跡率,適合率
0,121,88,72.72727272727273,8.54503708465003,101,88,87.12871287128714,79.27927927927928
