,高濃度出現回数,高濃度追跡,高濃度追跡率,高濃度RMSE,予測高濃度出現回数,予測高濃度追跡,予測高濃度追跡率,適合率
0,126,97,76.98412698412699,9.04952335265358,120,97,80.83333333333333,78.86178861788619
