,高濃度出現回数,高濃度追跡,高濃度追跡率,高濃度RMSE,予測高濃度出現回数,予測高濃度追跡,予測高濃度追跡率,適合率
0,121,52,42.97520661157025,16.567279348846093,65,52,80.0,55.913978494623656
