,高濃度出現回数,高濃度追跡,高濃度追跡率,高濃度RMSE,予測高濃度出現回数,予測高濃度追跡,予測高濃度追跡率,適合率
0,103,21,20.388349514563107,21.27887462010475,26,21,80.76923076923077,32.55813953488372
