,高濃度出現回数,高濃度追跡,高濃度追跡率,高濃度RMSE,予測高濃度出現回数,予測高濃度追跡,予測高濃度追跡率,適合率
0,130,76,58.46153846153847,15.00935395573512,105,76,72.38095238095238,64.68085106382978
