,高濃度出現回数,高濃度追跡,高濃度追跡率,高濃度RMSE,予測高濃度出現回数,予測高濃度追跡,予測高濃度追跡率,適合率
0,66,38,57.57575757575758,15.7539641480957,47,38,80.85106382978722,67.2566371681416
