,高濃度出現回数,高濃度追跡,高濃度追跡率,高濃度RMSE,予測高濃度出現回数,予測高濃度追跡,予測高濃度追跡率,適合率
0,130,68,52.307692307692314,17.797859397397154,110,68,61.81818181818181,56.666666666666664
