,高濃度出現回数,高濃度追跡,高濃度追跡率,高濃度RMSE,予測高濃度出現回数,予測高濃度追跡,予測高濃度追跡率,適合率
0,130,68,52.307692307692314,18.34163131413713,102,68,66.66666666666666,58.62068965517241
