,高濃度出現回数,高濃度追跡,高濃度追跡率,高濃度RMSE,予測高濃度出現回数,予測高濃度追跡,予測高濃度追跡率,適合率
0,126,61,48.41269841269841,15.686442944953418,89,61,68.53932584269663,56.74418604651163
