,高濃度出現回数,高濃度追跡,高濃度追跡率,高濃度RMSE,予測高濃度出現回数,予測高濃度追跡,予測高濃度追跡率,適合率
0,66,41,62.121212121212125,15.50537820222364,46,41,89.13043478260869,73.21428571428572
