,高濃度出現回数,高濃度追跡,高濃度追跡率,高濃度RMSE,予測高濃度出現回数,予測高濃度追跡,予測高濃度追跡率,適合率
0,138,90,65.21739130434783,14.219619351601892,181,90,49.72375690607735,56.426332288401255
