,高濃度出現回数,高濃度追跡,高濃度追跡率,高濃度RMSE,予測高濃度出現回数,予測高濃度追跡,予測高濃度追跡率,適合率
0,66,35,53.03030303030303,17.300807043836254,39,35,89.74358974358975,66.66666666666667
