,高濃度出現回数,高濃度追跡,高濃度追跡率,高濃度RMSE,予測高濃度出現回数,予測高濃度追跡,予測高濃度追跡率,適合率
0,130,109,83.84615384615385,8.40344079017149,126,109,86.5079365079365,85.15625
