,高濃度出現回数,高濃度追跡,高濃度追跡率,高濃度RMSE,予測高濃度出現回数,予測高濃度追跡,予測高濃度追跡率,適合率
0,103,62,60.19417475728155,11.15874499542213,69,62,89.85507246376811,72.09302325581396
