,高濃度出現回数,高濃度追跡,高濃度追跡率,高濃度RMSE,予測高濃度出現回数,予測高濃度追跡,予測高濃度追跡率,適合率
0,103,49,47.57281553398058,14.152673819563772,77,49,63.63636363636363,54.444444444444436
