,高濃度出現回数,高濃度追跡,高濃度追跡率,高濃度RMSE,予測高濃度出現回数,予測高濃度追跡,予測高濃度追跡率,適合率
0,130,51,39.23076923076923,17.46971082937174,70,51,72.85714285714285,50.99999999999999
