,高濃度出現回数,高濃度追跡,高濃度追跡率,高濃度RMSE,予測高濃度出現回数,予測高濃度追跡,予測高濃度追跡率,適合率
0,126,110,87.3015873015873,8.99523812231238,148,110,74.32432432432432,80.2919708029197
