,高濃度出現回数,高濃度追跡,高濃度追跡率,高濃度RMSE,予測高濃度出現回数,予測高濃度追跡,予測高濃度追跡率,適合率
0,109,47,43.11926605504588,26.070580274032658,75,47,62.66666666666667,51.08695652173913
