,高濃度出現回数,高濃度追跡,高濃度追跡率,高濃度RMSE,予測高濃度出現回数,予測高濃度追跡,予測高濃度追跡率,適合率
0,66,18,27.27272727272727,31.153580738463816,29,18,62.06896551724138,37.89473684210526
