,高濃度出現回数,高濃度追跡,高濃度追跡率,高濃度RMSE,予測高濃度出現回数,予測高濃度追跡,予測高濃度追跡率,適合率
0,126,33,26.190476190476193,23.732765775185072,37,33,89.1891891891892,40.490797546012274
