,高濃度出現回数,高濃度追跡,高濃度追跡率,高濃度RMSE,予測高濃度出現回数,予測高濃度追跡,予測高濃度追跡率,適合率
0,121,56,46.28099173553719,17.97589047812827,64,56,87.5,60.54054054054055
