,高濃度出現回数,高濃度追跡,高濃度追跡率,高濃度RMSE,予測高濃度出現回数,予測高濃度追跡,予測高濃度追跡率,適合率
0,130,55,42.30769230769231,16.66397663861563,68,55,80.88235294117648,55.55555555555555
